[
  {
    "id": "c32d465e-0aab-456d-b341-d60af345ca94",
    "data": [
      {
        "text": "⛰️",
        "userDefined": false
      }
    ],
    "isTemplate": false,
    "count": 0,
    "updated": 0
  },
  {
    "id": "c9eae536-628c-44a3-8ba9-1b14f3af6384",
    "data": [
      {
        "text": "info sobre montañas",
        "userDefined": false
      }
    ],
    "isTemplate": false,
    "count": 0,
    "updated": 0
  },
  {
    "id": "a41a0931-7e8b-4b48-ae07-fd78f23fd520",
    "data": [
      {
        "text": "quiero saber más info sobre tours de ",
        "userDefined": false
      },
      {
        "text": "montañas",
        "alias": "categoria",
        "meta": "@categoria",
        "userDefined": false
      },
      {
        "text": " en colombia",
        "userDefined": false
      }
    ],
    "isTemplate": false,
    "count": 0,
    "updated": 0
  },
  {
    "id": "2d681491-9b75-4b33-b585-c8ef35cced8e",
    "data": [
      {
        "text": "montañas",
        "alias": "categoria",
        "meta": "@categoria",
        "userDefined": false
      }
    ],
    "isTemplate": false,
    "count": 0,
    "updated": 0
  }
]