[
  {
    "id": "feda4c51-1542-4705-84db-0cc51d3e01ac",
    "data": [
      {
        "text": "contactar ",
        "userDefined": false
      },
      {
        "text": "un",
        "meta": "@sys.ignore",
        "userDefined": false
      },
      {
        "text": " tour de ",
        "userDefined": false
      },
      {
        "text": "playa",
        "alias": "categoria",
        "meta": "@categoria",
        "userDefined": false
      }
    ],
    "isTemplate": false,
    "count": 0,
    "updated": 0
  },
  {
    "id": "4a4febbf-a0b7-4443-b1cb-c217af05e60b",
    "data": [
      {
        "text": "quiero saber sobre tours de ",
        "userDefined": false
      },
      {
        "text": "playa",
        "alias": "categoria",
        "meta": "@categoria",
        "userDefined": false
      }
    ],
    "isTemplate": false,
    "count": 0,
    "updated": 0
  },
  {
    "id": "8dfbd82d-4e88-40d9-bc73-26e1fde02e3b",
    "data": [
      {
        "text": "playita",
        "alias": "categoria",
        "meta": "@categoria",
        "userDefined": false
      }
    ],
    "isTemplate": false,
    "count": 0,
    "updated": 0
  },
  {
    "id": "f6d1a431-c85b-4cfb-ae8a-be8d0c0f40dd",
    "data": [
      {
        "text": "playas",
        "alias": "categoria",
        "meta": "@categoria",
        "userDefined": false
      }
    ],
    "isTemplate": false,
    "count": 0,
    "updated": 0
  },
  {
    "id": "2c7d5a55-3aaf-41aa-a1bd-d94c82e0e767",
    "data": [
      {
        "text": "playa",
        "alias": "categoria",
        "meta": "@categoria",
        "userDefined": false
      }
    ],
    "isTemplate": false,
    "count": 0,
    "updated": 0
  }
]