[
  {
    "id": "c6a99b4e-9884-403f-a43d-1f0d5ebe657d",
    "data": [
      {
        "text": "archipielago",
        "userDefined": false
      }
    ],
    "isTemplate": false,
    "count": 0,
    "updated": 0
  },
  {
    "id": "565dca22-2266-4c7b-821b-8fca5a36b378",
    "data": [
      {
        "text": "taganga",
        "userDefined": false
      }
    ],
    "isTemplate": false,
    "count": 0,
    "updated": 0
  },
  {
    "id": "936198f5-72de-4ad2-b34a-fa3a96cc90e2",
    "data": [
      {
        "text": "tyrona",
        "userDefined": false
      }
    ],
    "isTemplate": false,
    "count": 0,
    "updated": 0
  },
  {
    "id": "ea395270-e2c1-4e95-bdab-016f958fa041",
    "data": [
      {
        "text": "Cartagena",
        "alias": "geo-city",
        "meta": "@sys.geo-city",
        "userDefined": false
      }
    ],
    "isTemplate": false,
    "count": 0,
    "updated": 0
  },
  {
    "id": "84892ba4-3b2e-4322-8e32-68b53630f4b2",
    "data": [
      {
        "text": "4",
        "alias": "time",
        "meta": "@sys.time",
        "userDefined": false
      }
    ],
    "isTemplate": false,
    "count": 0,
    "updated": 0
  },
  {
    "id": "91563098-d51c-4f0e-ade4-cc2c85f2b5c7",
    "data": [
      {
        "text": "3",
        "alias": "time",
        "meta": "@sys.time",
        "userDefined": false
      }
    ],
    "isTemplate": false,
    "count": 0,
    "updated": 0
  },
  {
    "id": "d06086d1-e4a8-494d-9af3-c2c04eb73acf",
    "data": [
      {
        "text": "2",
        "alias": "time",
        "meta": "@sys.time",
        "userDefined": false
      }
    ],
    "isTemplate": false,
    "count": 0,
    "updated": 0
  },
  {
    "id": "26978a7f-bc9d-447b-abaa-97c1a4099e4f",
    "data": [
      {
        "text": "1",
        "alias": "time",
        "meta": "@sys.time",
        "userDefined": false
      }
    ],
    "isTemplate": false,
    "count": 0,
    "updated": 0
  }
]