[
  {
    "id": "2ecb51bc-9cae-4d32-9dea-ab5ce60697f4",
    "data": [
      {
        "text": "🇨🇴",
        "userDefined": false
      }
    ],
    "isTemplate": false,
    "count": 0,
    "updated": 0
  },
  {
    "id": "75bf1056-a1b9-445e-95ac-500014eda4e3",
    "data": [
      {
        "text": "co",
        "userDefined": false
      }
    ],
    "isTemplate": false,
    "count": 0,
    "updated": 0
  },
  {
    "id": "92da3179-e88d-43f0-8c5c-24578d1e434a",
    "data": [
      {
        "text": "colombia",
        "userDefined": false
      }
    ],
    "isTemplate": false,
    "count": 0,
    "updated": 0
  }
]