[
  {
    "id": "136edf37-3003-45b5-baa6-7069d3e13f71",
    "data": [
      {
        "text": "Tulum",
        "userDefined": false
      }
    ],
    "isTemplate": false,
    "count": 0,
    "updated": 0
  },
  {
    "id": "188891aa-04e4-4d8a-b2e2-aff692de3026",
    "data": [
      {
        "text": "4",
        "alias": "time",
        "meta": "@sys.time",
        "userDefined": false
      }
    ],
    "isTemplate": false,
    "count": 0,
    "updated": 0
  },
  {
    "id": "22bbd1f4-9bde-46b0-b07a-dc3a6a72da6f",
    "data": [
      {
        "text": "3",
        "alias": "time",
        "meta": "@sys.time",
        "userDefined": false
      }
    ],
    "isTemplate": false,
    "count": 0,
    "updated": 0
  },
  {
    "id": "903dd740-12c7-4736-8949-02a6844e2b91",
    "data": [
      {
        "text": "2",
        "alias": "time",
        "meta": "@sys.time",
        "userDefined": false
      }
    ],
    "isTemplate": false,
    "count": 0,
    "updated": 0
  },
  {
    "id": "eddd77dd-c37f-4b35-872f-43c9019b59ec",
    "data": [
      {
        "text": "1",
        "alias": "time",
        "meta": "@sys.time",
        "userDefined": false
      }
    ],
    "isTemplate": false,
    "count": 0,
    "updated": 0
  }
]