[
  {
    "id": "75ad07ce-9054-4c18-a7d9-e6de7c9334ae",
    "data": [
      {
        "text": "nevado",
        "userDefined": false
      }
    ],
    "isTemplate": false,
    "count": 0,
    "updated": 0
  },
  {
    "id": "b20218dd-3d58-4d54-9785-590fe8ae5818",
    "data": [
      {
        "text": "nevado ",
        "userDefined": false
      },
      {
        "text": "colima",
        "alias": "geo-city",
        "meta": "@sys.geo-city",
        "userDefined": false
      }
    ],
    "isTemplate": false,
    "count": 0,
    "updated": 0
  }
]