[
  {
    "id": "d5629803-52bf-4434-aa20-3c4e9223ea2f",
    "data": [
      {
        "text": "popocate",
        "userDefined": false
      }
    ],
    "isTemplate": false,
    "count": 0,
    "updated": 0
  },
  {
    "id": "001d028c-e688-4944-aa57-7af5902480e1",
    "data": [
      {
        "text": "popoca",
        "userDefined": false
      }
    ],
    "isTemplate": false,
    "count": 0,
    "updated": 0
  },
  {
    "id": "d80b9f66-4a50-4432-9be8-c275f1c1e90c",
    "data": [
      {
        "text": "popo",
        "userDefined": false
      }
    ],
    "isTemplate": false,
    "count": 0,
    "updated": 0
  },
  {
    "id": "106372b1-3ce9-4589-bd81-469bdac8fd75",
    "data": [
      {
        "text": "popocatepetl",
        "userDefined": false
      }
    ],
    "isTemplate": false,
    "count": 0,
    "updated": 0
  }
]