[
  {
    "id": "6f0ff87c-4b3a-4436-abac-7b4530427381",
    "data": [
      {
        "text": "volcan",
        "alias": "categoria",
        "meta": "@categoria",
        "userDefined": false
      },
      {
        "text": " santa ",
        "userDefined": false
      },
      {
        "text": "isabel",
        "alias": "geo-city",
        "meta": "@sys.geo-city",
        "userDefined": false
      }
    ],
    "isTemplate": false,
    "count": 0,
    "updated": 0
  },
  {
    "id": "a6ed98a7-2c77-44ba-bbc0-172868e7fadd",
    "data": [
      {
        "text": "santa ",
        "userDefined": false
      },
      {
        "text": "isabel",
        "alias": "geo-city",
        "meta": "@sys.geo-city",
        "userDefined": false
      }
    ],
    "isTemplate": false,
    "count": 0,
    "updated": 0
  },
  {
    "id": "70c08a19-8748-4e06-a4e7-4bddda136137",
    "data": [
      {
        "text": "nevado santa ",
        "userDefined": false
      },
      {
        "text": "isabel",
        "alias": "geo-city",
        "meta": "@sys.geo-city",
        "userDefined": false
      }
    ],
    "isTemplate": false,
    "count": 0,
    "updated": 0
  }
]