[
  {
    "id": "7da82e62-fa6e-4381-b59c-608a1a456d04",
    "data": [
      {
        "text": "quiero averiguar info sobre ",
        "userDefined": false
      },
      {
        "text": "volcanes",
        "alias": "categoria",
        "meta": "@categoria",
        "userDefined": false
      }
    ],
    "isTemplate": false,
    "count": 0,
    "updated": 0
  },
  {
    "id": "91482c56-5bf6-4648-8275-f5516a039617",
    "data": [
      {
        "text": "volcan",
        "alias": "categoria",
        "meta": "@categoria",
        "userDefined": false
      }
    ],
    "isTemplate": false,
    "count": 0,
    "updated": 0
  },
  {
    "id": "88353510-e977-44f8-b788-c20bbb243b61",
    "data": [
      {
        "text": "volcanes",
        "alias": "categoria",
        "meta": "@categoria",
        "userDefined": false
      }
    ],
    "isTemplate": false,
    "count": 0,
    "updated": 0
  }
]