[
  {
    "value": "Cenotes",
    "synonyms": [
      "Cenotes",
      "Grutas"
    ]
  },
  {
    "value": "Desiertos",
    "synonyms": [
      "Desierto",
      "Desiertos"
    ]
  },
  {
    "value": "Lagos",
    "synonyms": [
      "Lago",
      "Lagos"
    ]
  },
  {
    "value": "Montañas",
    "synonyms": [
      "Montana",
      "Montaña",
      "Montañas"
    ]
  },
  {
    "value": "Playa",
    "synonyms": [
      "La playita",
      "Playa",
      "Playita"
    ]
  },
  {
    "value": "Volcanes",
    "synonyms": [
      "Volcanes",
      "Volcán"
    ]
  }
]